use highlandcoffee;
INSERT INTO Branch (branch_id, branch_name, address) VALUES
(1,'Highlands Handico','Tòa nhà Handico, Phạm Hùng, Mễ Trì'),
(2,'Highlands Vincom Skylake','Tầng 1, Vincom Skylake, Phạm Hùng'),
(3,'Highlands Viglacera','Tòa nhà Viglacera, số 1 Đại lộ Thăng Long'),
(4,'Highlands The Manor','Tòa nhà The Manor, Mễ Trì'),
(5,'Highlands Florence','28 Trần Hữu Dực, Cầu Diễn'),
(6,'Highlands Nguyễn Cơ Thạch','Số 19 Nguyễn Cơ Thạch, Mỹ Đình 2'),
(7,'Highlands A1 Nguyễn Cơ Thạch','Tòa nhà A1, Nguyễn Cơ Thạch'),
(8,'Highlands Sunsquare','21 Lê Đức Thọ, Mỹ Đình 2'),
(9,'Highlands Dolphin Plaza','Số 6 Nguyễn Hoàng, Mỹ Đình'),
(10,'Highlands Ecolife','Tòa nhà Ecolife, 58 Tố Hữu'),
(11,'Highlands Fivimart Mỹ Đình','89 Lê Đức Thọ, Mỹ Đình'),
(12,'Highlands HD Mon','Tòa nhà HD Mon, Hàm Nghi'),
(13,'Highlands Golden Field','Ngã tư Hàm Nghi - Nguyễn Cơ Thạch'),
(14,'Highlands Vinhomes Gardenia','Hàm Nghi, Mỹ Đình'),
(15,'Highlands Landmark 72','Tòa nhà Keangnam, Phạm Hùng'),
(16,'Highlands Trần Bình','138 Trần Bình, Mỹ Đình'),
(17,'Highlands Đại Mỗ','Tố Hữu, Đại Mỗ'),
(18,'Highlands Trần Hữu Dực','30 Trần Hữu Dực'),
(19,'Highlands Smart City','TTTM Vincom Mega Mall Smart City'),
(20,'Highlands Lê Đức Thọ','45 Lê Đức Thọ'),
(21,'Highlands Xuân Thủy','241 Xuân Thủy, Dịch Vọng Hậu'),
(22,'Highlands Cầu Giấy','302 Cầu Giấy'),
(23,'Highlands Discovery','302 Cầu Giấy'),
(24,'Highlands Trần Thái Tông','90 Trần Thái Tông'),
(25,'Highlands Duy Tân','82 Duy Tân, Dịch Vọng Hậu'),
(26,'Highlands Láng Hạ','57 Láng Hạ'),
(27,'Highlands Nguyễn Chánh','148 Nguyễn Chánh'),
(28,'Highlands Vũ Phạm Hàm','Chung cư G4, Vũ Phạm Hàm'),
(29,'Highlands Trần Duy Hưng','222 Trần Duy Hưng'),
(30,'Highlands Trung Hòa','117 Trần Duy Hưng'),
(31,'Highlands DCapitale','Tòa C1 D''Capitale Trần Duy Hưng'),
(32,'Highlands Trung Hòa Nhân Chính','27 Trần Duy Hưng'),
(33,'Highlands Trung Kính','177 Trung Kính'),
(34,'Highlands Yên Hòa','Trung Kính, Yên Hòa'),
(35,'Highlands Phùng Chí Kiên','Số 1 Phùng Chí Kiên'),
(36,'Highlands Lạc Long Quân','395 Lạc Long Quân'),
(37,'Highlands Hồ Tùng Mậu','136 Hồ Tùng Mậu'),
(38,'Highlands Goldmark City','304 Hồ Tùng Mậu'),
(39,'Highlands Xuân La','161 Xuân La'),
(40,'Highlands Ngoại Giao Đoàn','Tòa nhà N03-T7 Ngoại Giao Đoàn'),
(41,'Highlands Nguyễn Trãi','495 Nguyễn Trãi'),
(42,'Highlands Thanh Xuân','275 Nguyễn Trãi'),
(43,'Highlands Vũ Trọng Phụng','69 Vũ Trọng Phụng'),
(44,'Highlands Royal City','TTTM Royal City, Nguyễn Trãi'),
(45,'Highlands Lê Văn Lương','27 Lê Văn Lương'),
(46,'Highlands Hoàng Đạo Thúy','Ngã tư Lê Văn Lương - Hoàng Đạo Thúy'),
(47,'Highlands Nguyễn Huy Tưởng','1 Nguyễn Huy Tưởng'),
(48,'Highlands Khuất Duy Tiến','15 Khuất Duy Tiến'),
(49,'Highlands Ngụy Như Kon Tum','102 Ngụy Như Kon Tum'),
(50,'Highlands Lê Trọng Tấn','3 Lê Trọng Tấn');

INSERT INTO Menu (item_id, item_name, unit_price, unit_type, category) VALUES
(1,'Phin sữa đá',39000,'Cup','Cà phê phin'),
(2,'Phin đen đá',35000,'Cup','Cà phê phin'),
(3,'Bạc xỉu',39000,'Cup','Cà phê phin'),
(4,'Phindi hạnh nhân',45000,'Cup','Phindi'),
(5,'Phindi choco',45000,'Cup','Phindi'),
(6,'Phindi kem sữa',45000,'Cup','Phindi'),
(7,'Espresso',49000,'Cup','Espresso'),
(8,'Americano',49000,'Cup','Espresso'),
(9,'Americano Đào',55000,'Cup','Espresso'),
(10,'Capuchino',59000,'Cup','Espresso'),
(11,'Latte',59000,'Cup','Espresso'),
(12,'Caramel Macchiato',69000,'Cup','Espresso'),
(13,'Freeze trà xanh',55000,'Cup','Freeze'),
(14,'Freeze socola',55000,'Cup','Freeze'),
(15,'Freeze cookies & cream',55000,'Cup','Freeze'),
(16,'Trà sen vàng',45000,'Cup','Trà'),
(17,'Trà thạch đào',45000,'Cup','Trà'),
(18,'Trà thanh đào',45000,'Cup','Trà'),
(19,'Trà thạch vải',45000,'Cup','Trà'),
(20,'Trà xanh đậu đỏ',45000,'Cup','Trà'),
(21,'Bánh mì gà xé',29000,'Piece','Bánh mì'),
(22,'Bánh mì thịt nguội',29000,'Piece','Bánh mì'),
(23,'Bánh mì xíu mại',29000,'Piece','Bánh mì'),
(24,'Bánh mì chả lụa',29000,'Piece','Bánh mì'),
(25,'Bánh mì heo quay',32000,'Piece','Bánh mì'),
(26,'Bánh ngọt tiramisu',39000,'Piece','Bánh'),
(27,'Bánh mousse socola',39000,'Piece','Bánh'),
(28,'Bánh phô mai',39000,'Piece','Bánh'),
(29,'Bánh su kem',29000,'Piece','Bánh'),
(30,'Bánh flan',25000,'Piece','Bánh'),
(31,'Nước suối',15000,'Bottle','Nước'),
(32,'Pepsi',20000,'Can','Nước'),
(33,'7Up',20000,'Can','Nước'),
(34,'Mirinda cam',20000,'Can','Nước'),
(35,'Mirinda soda kem',20000,'Can','Nước'),
(36,'Red Bull',25000,'Can','Nước tăng lực'),
(37,'Sting dâu',25000,'Can','Nước tăng lực'),
(38,'Sting vàng',25000,'Can','Nước tăng lực'),
(39,'Sữa tươi',20000,'Box','Sữa'),
(40,'Sữa đậu nành',20000,'Box','Sữa'),
(41,'Sữa chua uống',20000,'Bottle','Sữa'),
(42,'Kem vani',30000,'Cup','Kem'),
(43,'Kem socola',30000,'Cup','Kem'),
(44,'Kem dâu',30000,'Cup','Kem'),
(45,'Kem trà xanh',30000,'Cup','Kem'),
(46,'Snack khoai tây',15000,'Pack','Snack'),
(47,'Snack bắp',15000,'Pack','Snack'),
(48,'Snack rong biển',15000,'Pack','Snack'),
(49,'Kẹo socola',10000,'Pack','Kẹo'),
(50,'Kẹo dẻo',10000,'Pack','Kẹo'),
(51,'Kẹo bạc hà',10000,'Pack','Kẹo'),
(52,'Kẹo trái cây',10000,'Pack','Kẹo'),
(53,'Bánh quy bơ',20000,'Pack','Bánh'),
(54,'Bánh quy socola',20000,'Pack','Bánh'),
(55,'Bánh quy dừa',20000,'Pack','Bánh');
INSERT INTO Ingredients (ingredients_id, name, unit) VALUES
(1,'Cà phê truyền thống','g'),
(2,'Cà phê Full City Roast','g'),
(3,'Sữa đặc','ml'),
(4,'Sữa tươi','ml'),
(5,'Kem rich','ml'),
(6,'Whipping cream','ml'),
(7,'Freeze mix','g'),
(8,'Green tea mix','g'),
(9,'Bột matcha VN','g'),
(10,'Bột matcha NB','g'),
(11,'Bột trà sữa Đài Loan','g'),
(12,'Bột trà sữa Hongkong','g'),
(13,'Bột trà sữa Hojicha latte','g'),
(14,'Đường nước','ml'),
(15,'Muối','g'),
(16,'Bánh oreo','pcs'),
(17,'Trà oolong','ml'),
(18,'Trà đào','ml'),
(19,'Hồng trà','ml'),
(20,'Trà lài','ml'),
(21,'Hạt sen','pcs'),
(22,'Đào miếng','pcs'),
(23,'Vải quả','pcs'),
(24,'Đậu đỏ','pcs'),
(25,'Thạch củ năng','g'),
(26,'Trân châu khoai môn','g'),
(27,'Trân châu dừa','g'),
(28,'Trân châu trắng','g'),
(29,'Chunky dâu tằm','g'),
(30,'Chunky mơ mận','g'),
(31,'Chunky mãng cầu','g'),
(32,'Thạch cà phê','pcs'),
(33,'Thạch trà xanh','pcs'),
(34,'Thạch đào','pcs'),
(35,'Thạch vải','pcs'),
(36,'Thạch mận','pcs'),
(37,'Syrup hạnh nhân','ml'),
(38,'Syrup xả','ml'),
(39,'Syrup đào','ml'),
(40,'Syrup vải','ml'),
(41,'Syrup mận','ml'),
(42,'Syrup hoa cơm cháy','ml'),
(43,'Nước ép chanh dây','ml'),
(44,'Nước ép chanh','ml'),
(45,'Nước ép tắc/quất','ml'),
(46,'Sốt socola','ml'),
(47,'Sốt caramel','ml'),
(48,'Nước dừa','ml'),
(49,'Chanh lát','pcs'),
(50,'Sả lát','pcs'),
(51,'Nước lọc','ml'),
(52,'Đá viên','g'),
(53,'Bột Cacao','g');

INSERT INTO Customer (cust_id, lname, fname, email) VALUES
(0, NULL, 'Guest', NULL),
(1, 'Nguyễn', 'Văn An', 'an.nguyen@gmail.com'),
(2, 'Trần', 'Thị Bích', 'bich.tran@yahoo.com'),
(3, 'Lê', 'Hoàng Nam', 'nam.le@hotmail.com'),
(4, 'Phạm', 'Minh Tuấn', 'tuan.pham@outlook.com'),
(5, 'Hoàng', 'Thu Thảo', 'thao.hoang@gmail.com'),
(6, 'Vũ', 'Đức Thịnh', 'thinh.vu@icloud.com'),
(7, 'Phan', 'Thanh Hà', 'ha.phan@gmail.com'),
(8, 'Đỗ', 'Minh Quân', 'quan.do@yandex.com'),
(9, 'Đặng', 'Ngọc Lan', 'lan.dang@gmail.com'),
(10, 'Bùi', 'Tuấn Kiệt', 'kiet.bui@protonmail.com'),
(11, 'Lý', 'Gia Bảo', 'bao.ly@gmail.com'),
(12, 'Đinh', 'Công Thành', 'thanh.dinh@yahoo.com'),
(13, 'Trương', 'Mỹ Linh', 'linh.truong@gmail.com'),
(14, 'Hồ', 'Nhật Huy', 'huy.ho@hotmail.com'),
(15, 'Ngô', 'Thanh Vân', 'van.ngo@gmail.com'),
(16, 'Dương', 'Quốc Anh', 'anh.duong@outlook.com'),
(17, 'Võ', 'Hoài Nam', 'nam.vo@gmail.com'),
(18, 'Cao', 'Minh Triết', 'triet.cao@yahoo.com'),
(19, 'Mai', 'Phương Thúy', 'thuy.mai@gmail.com'),
(20, 'Đào', 'Anh Tuấn', 'tuan.dao@hotmail.com'),
(21, 'Đoàn', 'Kim Ngân', 'ngan.doan@gmail.com'),
(22, 'Lương', 'Mạnh Hùng', 'hung.luong@outlook.com'),
(23, 'Kim', 'Hữu Phước', 'phuoc.kim@gmail.com'),
(24, 'Thái', 'Văn Khoa', 'khoa.thai@yahoo.com'),
(25, 'Trịnh', 'Hồng Diễm', 'diem.trinh@gmail.com'),
(26, 'Phùng', 'Quang Hải', 'hai.phung@gmail.com'),
(27, 'Tô', 'Vĩnh Diện', 'dien.to@hotmail.com'),
(28, 'Vương', 'Thúy Kiều', 'kieu.vuong@gmail.com'),
(29, 'Thạch', 'Sanh', 'sanh.thach@yahoo.com'),
(30, 'Tạ', 'Biên Cương', 'cuong.ta@gmail.com'),
(31, 'Quách', 'Tĩnh', 'tinh.quach@outlook.com'),
(32, 'Lại', 'Văn Sâm', 'sam.lai@gmail.com'),
(33, 'Nghiêm', 'Xuân Tú', 'tu.nghiem@yahoo.com'),
(34, 'Ôn', 'Bích Hà', 'ha.on@gmail.com'),
(35, 'Mạc', 'Đăng Dung', 'dung.mac@hotmail.com'),
(36, 'Thiều', 'Bảo Trâm', 'tram.thieu@gmail.com'),
(37, 'Kim', 'Trọng', 'trong.kim@yahoo.com'),
(38, 'Kiều', 'Nguyệt Nga', 'nga.kieu@gmail.com'),
(39, 'Lục', 'Vân Tiên', 'tien.luc@outlook.com'),
(40, 'Từ', 'Hải', 'hai.tu@gmail.com'),
(41, 'Tống', 'Giang', 'giang.tong@hotmail.com'),
(42, 'Lâm', 'Xung', 'xung.lam@gmail.com'),
(43, 'Võ', 'Tòng', 'tong.vo@yahoo.com'),
(44, 'Nguyễn', 'Huệ', 'hue.nguyen@gmail.com'),
(45, 'Lê', 'Lợi', 'loi.le@outlook.com'),
(46, 'Ngô', 'Quyền', 'quyen.ngo@gmail.com'),
(47, 'Đinh', 'Bộ Lĩnh', 'linh.dinh@yahoo.com'),
(48, 'Lý', 'Thường Kiệt', 'kiet.ly@gmail.com'),
(49, 'Trần', 'Hưng Đạo', 'dao.tran@hotmail.com'),
(50, 'Nguyễn', 'Trãi', 'trai.nguyen@gmail.com');

INSERT INTO Supplier (Supplier_id, Supplier_name, Address) VALUES
(1, 'Vinamilk', 'Quận 7, TP.HCM'),
(2, 'Dalat Milk', 'Đơn Dương, Lâm Đồng'),
(3, 'TH True Milk', 'Nghĩa Đàn, Nghệ An'),
(4, 'Đường Biên Hòa', 'Tây Ninh'),
(5, 'Muối Bạc Liêu', 'TP. Bạc Liêu'),
(6, 'Rich''s Products Việt Nam', 'Sóng Thần II, Bình Dương'), 
(7, 'New Viet Dairy', 'Quận 4, TP.HCM'),
(8, 'Thành Thành Công', 'Biên Hòa, Đồng Nai'),
(9, 'Mondelez Kinh Đô', 'Thuận An, Bình Dương'),
(10, 'Công ty Trà Thế Hệ Mới', 'Phú Hà, Phú Thọ'),
(11, 'Thực phẩm Á Châu', 'Quận 12, TP.HCM'),
(12, 'Công ty Hamex', 'Mỹ Hào, Hưng Yên'),
(13, 'Công ty West Food', 'Cái Sơn, Cần Thơ'),
(14, 'Thực phẩm San Do', 'VSIP, Hải Dương'),
(15, 'Thực phẩm Gia Thịnh', 'Bình Chánh, TP.HCM'),
(16, 'Trân châu 3Q Eurodeli', 'Tân Phú, TP.HCM'),
(17, 'Nguyên liệu Nghị Phát', 'Quận 6, TP.HCM'),
(18, 'Thực phẩm Xuân Thịnh', 'Tân Bình, TP.HCM'),
(19, 'Andros Asia', 'Mỹ Tho, Tiền Giang'),
(20, 'Đường Quảng Ngãi', 'TP. Quảng Ngãi'),
(21, 'Monin Việt Nam', 'Quận 3, TP.HCM'),
(22, 'Bột thực phẩm Tài Ký', 'Củ Chi, TP.HCM'),
(23, 'Nước ép Le Fruit', 'Cái Bè, Tiền Giang'),
(24, 'Nông sản Sạch Đà Lạt', 'TP. Đà Lạt, Lâm Đồng'),
(25, 'Chanh tươi Long An', 'Bến Lức, Long An'),
(26, 'Cacao Trọng Đức', 'Định Quán, Đồng Nai'),
(27, 'Coca-Cola Việt Nam', 'Thủ Đức, TP.HCM'),
(28, 'Meiko Matcha', 'Quận 11, TP.HCM'),
(29, 'Uji Kyoto', 'Quận 5, TP.HCM'),
(30, 'Hershey’s', 'Quận 1, TP.HCM'),
(31, 'Sữa đặc Cô Gái Hà Lan', 'KCN VSIP, Bình Dương'),
(32, 'Anchor Việt Nam (Fonterra)', 'Quận 7, TP.HCM'),
(33, 'Thanh Long', 'Quận 1, TP.HCM'),
(34, 'Trà Cozy VN', 'Quận 7, TP.HCM'),
(35, 'Công ty Sen vàng Đồng Tháp', 'TP. Cao Lãnh, Đồng Tháp'),
(36, 'Thực phẩm Đồ hộp Miền Trung', 'Hòa Vang, Đà Nẵng'),
(37, 'Nông sản Thực phẩm Donafoods', 'Biên Hòa, Đồng Nai'),
(38, 'Alee', 'Quận 10, TP.HCM'),
(39, 'Food Empire', 'Thuận An, Bình Dương'),
(40, 'Nguyên liệu Pha chế Lê Gia', 'Quận 10, TP.HCM'),
(41, 'Bột thực phẩm Vĩnh Thuận', 'Bình Chánh, TP.HCM'),
(42, 'Nước ép Ceres', 'Quận 4, TP.HCM'),
(43, 'Vinacacao', 'Quận 9, TP.HCM'),
(44, 'Nước khoáng La Vie', 'Tân An, Long An'),
(45, 'Trân Hương', 'Quận 3, TP.HCM'),
(46, 'Visalco', 'Quận 1, TP.HCM'),
(47, 'Thực phẩm Minh Hạnh', 'Hoài Đức, Hà Nội'),
(48, 'Công ty Wonderful Việt Nam', 'KCN VSIP, Bình Dương'),
(49, 'Thực phẩm Đóng hộp Xuất khẩu', 'Tiền Giang'),
(50, 'Cocoxim VN', 'Thủ Đức, TP.HCM');

INSERT INTO External_Partners (ext_partner_id, partner_name, commission_rate, contact) VALUES
(1, 'TikTok Shop Food', 0.18, '19002888'),
(2, 'Baemin (Admin Partner)', 0.22, '19003458'),
(3, 'Loship Vietnam', 0.15, '19006380'),
(4, 'GrabFood Vietnam', 0.25, '1900633810'),
(5, 'ShopeeFood Vietnam', 0.25, '19002042'),
(6, 'BeFood (Be Group)', 0.20, '19002323'),
(7, 'GoFood (Gojek)', 0.20, '19001922'),
(8, 'GrabFood Hub North', 0.25, '2471011'),
(9, 'GrabFood Hub South', 0.25, '2871012'),
(10, 'GrabFood Hub Central', 0.22, '2367101'),
(11, 'ShopeeFood Hub North', 0.25, '2472021'),
(12, 'ShopeeFood Hub South', 0.25, '2872022');

INSERT INTO Retail_Partners (retail_partner_id, partner_name, contact) VALUES
(1, 'WinMart', '0247 1066'),
(2, 'WinMart+', '0247 1067'),
(3, 'Co.op Mart', '0283 8360'),
(4, 'Co.op Food', '0283 8361'),
(5, 'Co.op Smile', '0283 8362'),
(6, 'Bách Hóa Xanh', '1900 1908'),
(7, 'GO! (Big C)', '1900 1880'),
(8, 'Tops Market', '1900 1881'),
(9, 'Lotte Mart', '0283 7753'),
(10, 'Aeon Mall', '0283 6206'),
(11, 'Aeon MaxValu', '0283 6207'),
(12, 'MM Mega Market', '0283 5558'),
(13, 'Circle K', '0283 6207'),
(14, 'GS25', '0287 3022'),
(15, 'FamilyMart', '0283 9142'),
(16, '7-Eleven', '0283 6203'),
(17, 'Ministop', '0283 5146'),
(18, 'BRG Mart', '0243 9393'),
(19, 'Fujimart', '0243 8351'),
(20, 'Emart', '0283 5885'),
(21, 'Satramart', '0283 8391'),
(22, 'Satrafoods', '0283 8392'),
(23, 'Hapro Mart', '0243 8253'),
(24, 'Intimex', '0243 8254'),
(25, 'Lan Chi Mart', '0243 3552'),
(26, 'Citimart', '0283 9250'),
(27, 'K-Market', '0243 7832'),
(28, 'Akuruhi', '0283 8220'),
(29, 'B''s Mart', '0283 5260'),  
(30, 'Cheers', '0283 7446'),
(31, 'Speed L', '0283 7753'),
(32, 'Shark Market', '0283 8272'),
(33, 'Tiki ngon', '1900 6035'),
(34, 'Shopee Supermarket', '1900 1221'),
(35, 'GrabMart', '1900 6338'),
(36, 'Trạm dừng nghỉ 555', '0274 3852'),
(37, 'Trạm dừng chân Lê Hoàng', '0272 3636'),
(38, 'NPP Thành Phát', '0903 1234'),
(39, 'NPP Minh Anh', '0908 5678'),
(40, 'NPP Hoàng Gia', '0913 9988'),
(41, 'Khách sạn Vinpearl', '1900 2323'),
(42, 'Khách sạn Mường Thanh', '1900 1833'),
(43, 'Kingfoodmart', '1800 6804'),
(44, 'Annam Gourmet', '1900 6364'),
(45, 'Bách Hóa Tổng Hợp HN', '0243 8255'),
(46, 'Siêu thị Sài Gòn', '0283 8393'),
(47, 'Siêu thị Tứ Sơn', '0296 3852'),
(48, 'Siêu thị Viễn Đông', '0283 8243'),
(49, 'Đặc sản Thu Ngọc', '0905 1122'),
(50, 'Bách hóa T-Mart', '0246 2512');

INSERT INTO Customer_Profiles (cust_id, birthday, point_available) VALUES
(0, NULL, 0),
(1, '1978-05-15', 425),
(2, '1982-10-22', 3420),
(3, '1975-01-05', 51),
(4, '1989-12-12', 21),
(5, '1997-08-30', 890),
(6, '1972-03-18', 656),
(7, '1985-07-09', 212),
(8, '1994-02-25', 28),
(9, '1979-11-14', 1750),
(10, '1996-06-02', 31),
(11, '1980-04-21', 492),
(12, '1976-09-10', 534),
(13, '1998-02-14', 670),
(14, '1984-11-03', 380),
(15, '2002-05-27', 340),
(16, '1995-08-12', 1150),
(17, '1971-01-08', 72),
(18, '1983-12-19', 2),
(19, '1990-02-28', 15),
(20, '1997-06-15', 880),
(21, '1981-04-11', 2450),
(22, '2000-10-06', 720),
(23, '1974-07-23', 42),
(24, '1992-01-30', 195),
(25, '1999-05-17', 105),
(26, '1988-09-25', 278),
(27, '2001-03-04', 480),
(28, '1988-08-06', 365),
(29, '1977-11-12', 621),
(30, '1996-04-19', 143),
(31, '1986-01-01', 312),
(32, '2002-07-15', 250),
(33, '1973-12-20', 89),
(34, '1982-05-10', 20),
(35, '1998-03-22', 910),
(36, '1997-06-05', 1320),
(37, '2003-09-14', 110),
(38, '1979-10-28', 385),
(39, '1994-02-07', 256),
(40, '1987-11-11', 410),
(41, '1995-04-16', 189),
(42, '1993-08-13', 267),
(43, '1989-09-30', 334),
(44, '1970-01-12', 99),
(45, '1995-01-21', 176),
(46, '1996-04-11', 145),
(47, '1993-09-08', 250),
(48, '1997-04-12', 190),
(49, '1997-04-25', 160),
(50, '1999-04-19', 1200);

INSERT INTO Supplier_Ingredients (supplier_id, ingredients_id, unit_price, lead_time) VALUES
(1, 3, 7000, 2),
(1, 5, 25000, 2),
(2, 4, 15000, 3),
(3, 4, 17000, 2),
(4, 14, 50000, 3),
(5, 15, 15000, 3),
(6, 5, 23000, 4),
(7, 5, 26000, 2),
(7, 6, 150000, 3),
(8, 14, 50000, 2),
(9, 16, 10000, 3),
(10, 17, 50000, 2),
(10, 18, 50000, 2),
(10, 19, 50000, 2),
(10, 20, 50000, 2),
(11, 21, 120000, 3),
(11, 22, 150000, 2),
(12, 21, 130000, 4),
(13, 23, 100000, 3),
(13, 24, 115000, 3),
(14, 23, 100000, 3),
(14, 24, 120000, 3),
(15, 25, 30000, 2),
(15, 26, 30000, 2),
(15, 27, 30000, 2),
(16, 28, 50000, 2),
(17, 25, 30000, 3),
(17, 26, 30000, 3),
(17, 27, 30000, 3),
(18, 25, 30000, 2),
(18, 26, 30000, 2),
(18, 27, 30000, 2),
(19, 29, 150000, 3),
(19, 30, 160000, 3),
(19, 31, 150000, 3),
(20, 14, 65000, 2),
(21, 37, 90000, 4),
(21, 38, 90000, 4),
(21, 39, 90000, 4),
(21, 40, 90000, 4),
(21, 41, 100000, 4),
(21, 42, 100000, 4),
(22, 32, 17000, 3),
(22, 33, 17000, 3),
(22, 34, 17000, 3),
(22, 35, 17000, 3),
(22, 36, 17000, 3),
(23, 43, 20000, 1),
(23, 44, 20000, 1),
(23, 45, 20000, 1),
(24, 49, 40000, 2),
(24, 50, 30000, 2),
(25, 49, 40000, 2),
(26, 53, 170000, 3),
(27, 51, 10000, 1),
(28, 9, 500000, 3),
(29, 10, 2000000, 3),
(30, 46, 200000, 3),
(30, 47, 200000, 3),
(31, 3, 8000, 1),
(32, 5, 25000, 2),
(32, 6, 160000, 3),
(33, 52, 10000, 1),
(34, 17, 50000, 2),
(34, 18, 50000, 2),
(34, 19, 50000, 2),
(34, 20, 50000, 2),
(35, 21, 125000, 3),
(36, 23, 100000, 3),
(36, 24, 115000, 3),
(37, 23, 100000, 3),
(38, 13, 350000, 5),
(39, 7, 100000, 2),
(39, 8, 34000, 3),
(40, 7, 97000, 3),
(40, 8, 30000, 4),
(41, 32, 15000, 2),
(41, 33, 15000, 2),
(41, 34, 15000, 2),
(41, 35, 15000, 2),
(41, 36, 15000, 2),
(42, 43, 22000, 1),
(42, 44, 22000, 1),
(42, 45, 22000, 1),
(43, 53, 175000, 3),
(44, 52, 10000, 1),
(45, 11, 300000, 5),
(45, 12, 300000, 5),
(46, 15, 23000, 4),
(47, 28, 45000, 3),
(48, 25, 30000, 4),
(48, 26, 30000, 4),
(48, 27, 30000, 4),
(49, 23, 120000, 3),
(50, 48, 34000, 2);

INSERT INTO Employee (employee_id, lname, fname, title, branch_id, status) VALUES
(1, 'Nguyễn', 'Thành Nam', 'Store Manager', 1, 'Active'),
(2, 'Trần', 'Minh Quang', 'Barista', 2, 'Active'),
(3, 'Lê', 'Thu Huyền', 'Server', 3, 'Active'),
(4, 'Phạm', 'Tiến Dũng', 'Store Manager', 4, 'Active'),
(5, 'Hoàng', 'Lan Anh', 'Barista', 5, 'Active'),
(6, 'Vũ', 'Quốc Bảo', 'Server', 6, 'Off'),
(7, 'Phan', 'Minh Tú', 'Store Manager', 7, 'Active'),
(8, 'Đỗ', 'Mỹ Hạnh', 'Barista', 8, 'Active'),
(9, 'Đặng', 'Hữu Thắng', 'Server', 9, 'Active'),
(10, 'Bùi', 'Thanh Thảo', 'Store Manager', 10, 'Active'),
(11, 'Lý', 'Hải Đăng', 'Barista', 11, 'Active'),
(12, 'Đinh', 'Ngọc Diệp', 'Server', 12, 'Active'),
(13, 'Trương', 'Văn Hùng', 'Store Manager', 13, 'Active'),
(14, 'Hồ', 'Bảo Ngọc', 'Barista', 14, 'Active'),
(15, 'Ngô', 'Đình Trọng', 'Server', 15, 'Active'),
(16, 'Dương', 'Thúy Vi', 'Store Manager', 16, 'Active'),
(17, 'Võ', 'Minh Nhật', 'Barista', 17, 'Active'),
(18, 'Cao', 'Thái Sơn', 'Server', 18, 'Active'),
(19, 'Mai', 'Hồng Nhung', 'Store Manager', 19, 'Active'),
(20, 'Đào', 'Văn Lâm', 'Barista', 20, 'Off'),
(21, 'Đoàn', 'Thu Trang', 'Server', 21, 'Active'),
(22, 'Lương', 'Xuân Trường', 'Store Manager', 22, 'Active'),
(23, 'Kim', 'Nhã Phương', 'Barista', 23, 'Active'),
(24, 'Thái', 'Công Vinh', 'Server', 24, 'Active'),
(25, 'Trịnh', 'Kim Chi', 'Store Manager', 25, 'Active'),
(26, 'Phùng', 'Quang Thắng', 'Barista', 26, 'Active'),
(27, 'Tô', 'Hiệu', 'Server', 27, 'Active'),
(28, 'Vương', 'Nhất Duy', 'Store Manager', 28, 'Active'),
(29, 'Thạch', 'Thu Thủy', 'Barista', 29, 'Active'),
(30, 'Tạ', 'Duy Anh', 'Server', 30, 'Active'),
(31, 'Quách', 'Phú Thành', 'Store Manager', 31, 'Active'),
(32, 'Lại', 'Thanh Thanh', 'Barista', 32, 'Active'),
(33, 'Nghiêm', 'Anh Tuấn', 'Server', 33, 'Active'),
(34, 'Ôn', 'Vĩnh Quang', 'Store Manager', 34, 'Active'),
(35, 'Mạc', 'Văn Khoa', 'Barista', 35, 'Active'),
(36, 'Thiều', 'Bảo Anh', 'Server', 36, 'Active'),
(37, 'Kim', 'Long', 'Store Manager', 37, 'Active'),
(38, 'Kiều', 'Minh Tuấn', 'Barista', 38, 'Active'),
(39, 'Lục', 'Tiểu Phụng', 'Server', 39, 'Active'),
(40, 'Từ', 'Nhược Tuyên', 'Store Manager', 40, 'Active'),
(41, 'Tống', 'Khánh Linh', 'Barista', 41, 'Active'),
(42, 'Lâm', 'Vĩnh Hải', 'Server', 42, 'Off'),
(43, 'Võ', 'Thành Ý', 'Store Manager', 43, 'Active'),
(44, 'Nguyễn', 'Bích Phương', 'Barista', 44, 'Active'),
(45, 'Lê', 'Thanh Duy', 'Server', 45, 'Active'),
(46, 'Ngô', 'Kiến Huy', 'Store Manager', 46, 'Active'),
(47, 'Đinh', 'Tiến Đạt', 'Barista', 47, 'Active'),
(48, 'Lý', 'Nhã Kỳ', 'Server', 48, 'Active'),
(49, 'Trần', 'Thành', 'Store Manager', 49, 'Active'),
(50, 'Nguyễn', 'Cao Kỳ Duyên', 'Barista', 50, 'Active');

INSERT INTO Recipe (item_id, ingredients_id, Quantity) VALUES
(1, 1, 50),
(1, 3, 30),
(1, 52, 200),
(2, 1, 50),
(2, 14, 10),
(2, 52, 200),
(3, 1, 30),
(3, 3, 50),
(3, 51, 20),
(3, 52, 200),
(4, 1, 30),
(4, 4, 100),
(4, 5, 10),
(4, 14, 10),
(4, 32, 7),
(4, 37, 20),
(4, 52, 200),
(5, 1, 30),
(5, 3, 10),
(5, 4, 80),
(5, 5, 10),
(5, 46, 20),
(5, 52, 200),
(6, 1, 30),
(6, 3, 10),
(6, 4, 100),
(6, 5, 70),
(6, 14, 15),
(6, 32, 7),
(6, 52, 200),
(7, 2, 8),
(8, 2, 8),
(8, 51, 100),
(8, 52, 200),
(9, 2, 8),
(9, 14, 20),
(9, 39, 20),
(9, 22, 4),
(9, 52, 200),
(10, 2, 8),
(10, 4, 200),
(10, 52, 200),
(11, 2, 8),
(11, 4, 250),
(11, 52, 200),
(12, 5, 30),
(12, 14, 30),
(12, 17, 150),
(12, 21, 10),
(12, 25, 30),
(12, 52, 200),
(13, 5, 40),
(13, 14, 40),
(13, 18, 150),
(13, 22, 3),
(13, 34, 30),
(13, 52, 200),
(14, 18, 150),
(14, 22, 3),
(14, 38, 15),
(14, 39, 15),
(14, 50, 3),
(14, 52, 200),
(15, 14, 10),
(15, 19, 150),
(15, 23, 2),
(15, 35, 3),
(15, 40, 20),
(15, 52, 200),
(16, 3, 30),
(16, 4, 50),
(16, 5, 10),
(16, 9, 3),
(16, 51, 30),
(16, 52, 200),
(17, 14, 30),
(17, 20, 150),
(17, 28, 30),
(17, 29, 30),
(17, 52, 200),
(18, 20, 150),
(18, 30, 30),
(18, 41, 20),
(18, 52, 200),
(19, 14, 30),
(19, 20, 150),
(19, 31, 30),
(19, 42, 10),
(19, 52, 200),
(20, 3, 20),
(20, 4, 50),
(20, 6, 50),
(20, 8, 40),
(20, 14, 20),
(20, 51, 20),
(20, 52, 200),
(21, 3, 20),
(21, 4, 50),
(21, 6, 50),
(21, 7, 40),
(21, 52, 200),
(21, 53, 15),
(22, 4, 50),
(22, 6, 50),
(22, 14, 20),
(22, 16, 3),
(22, 7, 40),
(22, 52, 200),
(23, 1, 40),
(23, 6, 50),
(23, 7, 40),
(23, 47, 40),
(23, 52, 200),
(24, 4, 100),
(24, 6, 50),
(24, 7, 40),
(24, 14, 20),
(24, 29, 30),
(24, 52, 200),
(25, 6, 50),
(25, 7, 40),
(25, 30, 30),
(25, 51, 50),
(25, 52, 200),
(26, 4, 100),
(26, 10, 4),
(26, 14, 20),
(26, 51, 30),
(26, 52, 200),
(27, 5, 50),
(27, 10, 2),
(27, 48, 150),
(27, 52, 200),
(28, 4, 100),
(28, 5, 30),
(28, 13, 50),
(28, 52, 200),
(29, 4, 110),
(29, 12, 70),
(29, 51, 70),
(29, 52, 200),
(30, 4, 110),
(30, 11, 70),
(30, 51, 70),
(30, 52, 200),
(31, 3, 10),
(31, 4, 100),
(31, 5, 10),
(31, 9, 5),
(31, 51, 50),
(31, 52, 200),
(32, 14, 30),
(32, 43, 40),
(32, 51, 40),
(32, 52, 200),
(33, 14, 30),
(33, 45, 40),
(33, 51, 40),
(33, 52, 200),
(34, 14, 40),
(34, 15, 1),
(34, 44, 30),
(34, 51, 40),
(34, 52, 200),
(35, 4, 150),
(35, 46, 30),
(35, 52, 200);

INSERT INTO Inventory (branch_id, ingredients_id, quantity, last_updated) VALUES
(34, 1, 100000, '2026-03-13 09:44:10'),
(2, 2, 700000, '2026-03-13 11:20:33'),
(41, 3, 250000, '2026-03-13 15:05:12'),
(15, 4, 20000, '2026-03-13 17:30:55'),
(29, 5, 250000, '2026-03-13 22:15:00'),
(8, 6, 500000, '2026-03-14 06:12:44'),
(50, 7, 20000, '2026-03-14 08:33:21'),
(12, 8, 15000, '2026-03-14 10:55:05'),
(23, 9, 800, '2026-03-14 14:10:48'),
(4, 10, 1200, '2026-03-14 16:40:12'),
(37, 11, 3000, '2026-03-14 19:20:33'),
(19, 12, 2760, '2026-03-14 21:55:59'),
(45, 13, 1250, '2026-03-15 07:15:22'),
(1, 14, 50000, '2026-03-15 09:40:45'),
(31, 15, 10, '2026-03-15 11:12:05'),
(11, 16, 25, '2026-03-15 13:45:30'),
(27, 17, 900000, '2026-03-15 15:05:18'),
(6, 18, 530000, '2026-03-12 08:44:40'),
(48, 19, 450000, '2026-03-12 11:20:11'),
(13, 20, 12900, '2026-03-12 14:40:59'),
(35, 21, 2500000, '2026-03-13 09:25:34'),
(21, 22, 150000, '2026-03-13 12:10:22'),
(9, 23, 40, '2026-03-14 10:45:01'),
(42, 24, 250, '2026-03-14 15:30:15'),
(18, 25, 6500, '2026-03-15 14:12:44'),
(3, 26, 2750, '2026-03-12 08:15:22'),
(49, 27, 3000, '2026-03-12 10:30:45'),
(16, 28, 3000, '2026-03-12 14:12:05'),
(25, 29, 3754, '2026-03-12 16:45:30'),
(7, 30, 1200, '2026-03-12 21:05:18'),
(44, 31, 3000, '2026-03-12 07:55:40'),
(28, 32, 327, '2026-03-12 09:20:11'),
(14, 33, 451, '2026-03-12 11:40:59'),
(39, 34, 432, '2026-03-12 15:25:34'),
(5, 35, 50, '2026-03-12 18:10:22'),
(43, 36, 50, '2026-03-12 23:45:01'),
(24, 37, 5643, '2026-03-13 05:30:15'),
(10, 38, 3245, '2026-03-13 08:12:44'),
(33, 39, 3400, '2026-03-13 10:50:33'),
(46, 40, 4200, '2026-03-13 13:25:12'),
(17, 41, 2870, '2026-03-13 16:10:55'),
(30, 42, 1700, '2026-03-13 19:40:00'),
(22, 43, 1200, '2026-03-13 22:15:33'),
(47, 44, 1800, '2026-03-14 07:30:21'),
(32, 45, 2000, '2026-03-14 10:12:05'),
(40, 46, 13400, '2026-03-14 14:55:48'),
(26, 47, 12000, '2026-03-14 17:20:12'),
(20, 48, 700000, '2026-03-14 20:45:33'),
(38, 49, 50, '2026-03-14 23:10:59'),
(12, 50, 30, '2026-03-15 08:40:12'),
(1, 51, 500000, '2026-03-14 10:15:33'),
(41, 52, 700, '2026-03-14 13:45:01'),
(5, 53, 1000, '2026-03-14 16:30:15');

INSERT INTO Orders (order_id, cust_id, order_times, Employee_id, status) VALUES
(1001, 12, '2026-03-01 07:10:15', 5, 'Completed'),
(1002, 0, '2026-03-01 07:15:22', NULL, 'Completed'),
(1003, 0, '2026-03-01 07:22:10', 12, 'Completed'),
(1004, 34, '2026-03-01 07:45:30', 5, 'Completed'),
(1005, 0, '2026-03-01 07:55:12', 8, 'Completed'),
(1006, 0, '2026-03-01 08:05:33', NULL, 'Completed'),
(1007, 5, '2026-03-01 08:15:00', 33, 'Completed'),
(1008, 0, '2026-03-01 08:20:15', NULL, 'Completed'),
(1009, 0, '2026-03-01 08:35:45', 21, 'Completed'),
(1010, 48, '2026-03-01 08:50:20', 19, 'Completed'),
(1011, 0, '2026-03-01 09:12:44', NULL, 'Completed'),
(1012, 27, '2026-03-01 09:25:10', 5, 'Completed'),
(1013, 0, '2026-03-01 09:40:00', 50, 'Completed'),
(1014, 0, '2026-03-01 10:05:00', NULL, 'Completed'),
(1015, 1, '2026-03-01 10:15:22', 14, 'Completed'),
(1016, 0, '2026-03-02 08:22:18', NULL, 'Completed'),
(1017, 0, '2026-03-02 08:45:00', 27, 'Completed'),
(1018, 50, '2026-03-02 09:55:30', 3, 'Completed'),
(1019, 0, '2026-03-02 10:05:45', NULL, 'Completed'),
(1020, 0, '2026-03-02 11:15:20', NULL, 'Completed'),
(1021, 19, '2026-03-02 11:30:10', 11, 'Completed'),
(1022, 0, '2026-03-02 11:45:55', NULL, 'Completed'),
(1023, 0, '2026-03-02 12:05:12', 9, 'Completed'),
(1024, 42, '2026-03-02 12:15:30', 42, 'Completed'),
(1025, 0, '2026-03-02 12:30:44', NULL, 'Completed'),
(1026, 0, '2026-03-03 12:45:10', 15, 'Completed'),
(1027, 8, '2026-03-03 13:05:00', 2, 'Completed'),
(1028, 0, '2026-03-03 13:10:05', NULL, 'Completed'),
(1029, 0, '2026-03-03 13:25:33', 36, 'Completed'),
(1030, 15, '2026-03-03 13:40:22', 18, 'Completed'),
(1031, 0, '2026-03-03 13:55:10', NULL, 'Completed'),
(1032, 3, '2026-03-03 14:10:00', 22, 'Completed'),
(1033, 0, '2026-03-03 14:20:45', NULL, 'Completed'),
(1034, 0, '2026-03-03 14:40:12', 7, 'Completed'),
(1035, 22, '2026-03-04 10:00:30', 30, 'Completed'),
(1036, 0, '2026-03-04 10:15:20', NULL, 'Completed'),
(1037, 0, '2026-03-04 10:35:44', 48, 'Completed'),
(1038, 44, '2026-03-04 10:55:00', 13, 'Completed'),
(1039, 0, '2026-03-04 11:10:15', NULL, 'Completed'),
(1040, 0, '2026-03-04 11:30:00', 25, 'Completed'),
(1041, 31, '2026-03-04 11:45:33', 1, 'Completed'),
(1042, 0, '2026-03-04 12:05:12', NULL, 'Completed'),
(1043, 0, '2026-03-04 12:25:45', 44, 'Completed'),
(1044, 11, '2026-03-05 08:40:00', 10, 'Completed'),
(1045, 0, '2026-03-05 08:55:20', NULL, 'Completed'),
(1046, 0, '2026-03-05 09:15:10', 31, 'Completed'),
(1047, 39, '2026-03-05 09:30:05', 6, 'Completed'),
(1048, 0, '2026-03-05 09:45:55', NULL, 'Completed'),
(1049, 0, '2026-03-05 10:05:12', 29, 'Completed'),
(1050, 7, '2026-03-05 10:20:30', 38, 'Completed'),
(1051, 2, '2026-03-06 07:35:10', 20, 'Completed'),
(1052, 0, '2026-03-06 07:42:00', NULL, 'Completed'),
(1053, 0, '2026-03-06 07:50:15', 16, 'Completed'),
(1054, 45, '2026-03-06 08:05:30', 4, 'Completed'),
(1055, 0, '2026-03-06 08:12:44', NULL, 'Completed'),
(1056, 0, '2026-03-06 08:20:00', 49, 'Completed'),
(1057, 10, '2026-03-06 08:25:12', 35, 'Completed'),
(1058, 0, '2026-03-06 08:30:05', NULL, 'Completed'),
(1059, 0, '2026-03-07 09:40:22', 24, 'Completed'),
(1060, 33, '2026-03-07 09:50:33', 17, 'Completed'),
(1061, 0, '2026-03-07 10:00:15', NULL, 'Completed'),
(1062, 0, '2026-03-07 10:05:45', 43, 'Completed'),
(1063, 25, '2026-03-07 10:10:10', 39, 'Completed'),
(1064, 0, '2026-03-07 10:15:20', NULL, 'Completed'),
(1065, 0, '2026-03-07 10:20:55', 26, 'Completed'),
(1066, 41, '2026-03-07 11:25:12', 41, 'Completed'),
(1067, 0, '2026-03-07 11:30:30', NULL, 'Completed'),
(1068, 0, '2026-03-07 11:35:44', 23, 'Completed'),
(1069, 14, '2026-03-08 12:40:10', 37, 'Completed'),
(1070, 0, '2026-03-08 12:45:12', NULL, 'Completed'),
(1071, 0, '2026-03-08 12:50:00', 34, 'Completed'),
(1072, 29, '2026-03-08 12:55:15', 46, 'Completed'),
(1073, 0, '2026-03-08 13:00:10', NULL, 'Completed'),
(1074, 0, '2026-03-08 13:05:40', 47, 'Completed'),
(1075, 37, '2026-03-08 14:10:05', 28, 'Completed'),
(1076, 0, '2026-03-08 14:15:22', NULL, 'Completed'),
(1077, 0, '2026-03-08 14:20:00', 40, 'Completed'),
(1078, 49, '2026-03-09 15:25:45', 32, 'Completed'),
(1079, 0, '2026-03-09 15:30:12', NULL, 'Completed'),
(1080, 0, '2026-03-09 15:35:10', 14, 'Completed'),
(1081, 18, '2026-03-09 16:38:00', 27, 'Completed'),
(1082, 0, '2026-03-09 16:40:44', NULL, 'Completed'),
(1083, 0, '2026-03-09 16:42:18', 3, 'Completed'),
(1084, 6, '2026-03-10 17:43:55', 11, 'Completed'),
(1085, 0, '2026-03-10 17:45:00', NULL, 'Completed'),
(1086, 0, '2026-03-10 17:46:20', 9, 'Completed'),
(1087, 30, '2026-03-10 18:47:12', 42, 'Completed'),
(1088, 0, '2026-03-10 18:48:30', NULL, 'Completed'),
(1089, 0, '2026-03-10 18:49:15', 15, 'Completed'),
(1090, 4, '2026-03-11 19:50:05', 2, 'Completed'),
(1091, 0, '2026-03-11 19:51:22', NULL, 'Completed'),
(1092, 0, '2026-03-11 19:52:10', 36, 'Completed'),
(1093, 21, '2026-03-11 19:53:00', 18, 'Completed'),
(1094, 0, '2026-03-11 20:53:55', NULL, 'Completed'),
(1095, 0, '2026-03-11 20:54:33', 7, 'Completed'),
(1096, 46, '2026-03-12 21:55:10', 30, 'Completed'),
(1097, 0, '2026-03-12 21:56:00', NULL, 'Completed'),
(1098, 0, '2026-03-12 21:57:45', 48, 'Completed'),
(1099, 35, '2026-03-12 21:58:30', 13, 'Completed'),
(1100, 0, '2026-03-12 22:59:15', NULL, 'Completed');

INSERT INTO Order_items (order_item_id, order_id, item_id, quantity, price) VALUES
(1, 1001, 1, 2, 78000),
(2, 1001, 40, 1, 39000),
(3, 1002, 27, 1, 69000),
(4, 1002, 41, 1, 35000),
(5, 1002, 10, 1, 59000),
(6, 1003, 3, 2, 78000),
(7, 1003, 42, 1, 35000),
(8, 1004, 15, 1, 55000),
(9, 1005, 30, 1, 65000),
(10, 1005, 1, 2, 78000),
(11, 1006, 1, 1, 39000),
(12, 1007, 2, 2, 70000),
(13, 1008, 21, 1, 65000),
(14, 1008, 45, 1, 39000),
(15, 1009, 5, 1, 45000),
(16, 1010, 10, 3, 177000),
(17, 1010, 45, 1, 39000),
(18, 1010, 27, 1, 69000),
(19, 1011, 28, 1, 65000),
(20, 1012, 1, 2, 78000),
(21, 1013, 12, 1, 55000),
(22, 1014, 40, 4, 156000),
(23, 1015, 27, 1, 69000),
(24, 1015, 1, 1, 39000),
(25, 1016, 7, 1, 49000),
(26, 1017, 32, 1, 49000),
(27, 1018, 18, 2, 118000),
(28, 1019, 4, 1, 45000),
(29, 1020, 25, 1, 69000),
(30, 1021, 42, 1, 35000),
(31, 1022, 1, 2, 78000),
(32, 1023, 35, 1, 59000),
(33, 1024, 29, 1, 65000),
(34, 1025, 8, 1, 49000),
(35, 1025, 40, 2, 78000),
(36, 1026, 40, 2, 78000),
(37, 1027, 11, 1, 59000),
(38, 1028, 33, 1, 49000),
(39, 1029, 1, 1, 39000),
(40, 1030, 27, 2, 138000),
(41, 1031, 48, 1, 29000),
(42, 1032, 14, 1, 55000),
(43, 1033, 2, 1, 35000),
(44, 1034, 21, 1, 65000),
(45, 1035, 1, 3, 117000),
(46, 1036, 36, 1, 19000),
(47, 1037, 10, 1, 59000),
(48, 1038, 40, 1, 39000),
(49, 1039, 29, 1, 65000),
(50, 1040, 41, 1, 35000),
(51, 1040, 1, 1, 39000),
(52, 1041, 5, 1, 45000),
(53, 1042, 17, 1, 59000),
(54, 1043, 24, 1, 65000),
(55, 1044, 1, 2, 78000),
(56, 1045, 39, 1, 59000),
(57, 1046, 13, 1, 55000),
(58, 1047, 1, 1, 39000),
(59, 1048, 49, 1, 49000),
(60, 1049, 30, 1, 65000),
(61, 1050, 6, 1, 45000),
(62, 1050, 43, 1, 35000),
(63, 1051, 1, 2, 78000),
(64, 1051, 13, 1, 55000),
(65, 1052, 55, 1, 45000),
(66, 1052, 3, 1, 39000),
(67, 1053, 42, 2, 70000),
(68, 1054, 8, 1, 49000),
(69, 1055, 17, 1, 59000),
(70, 1055, 25, 2, 138000),
(71, 1056, 30, 1, 65000),
(72, 1057, 18, 1, 59000),
(73, 1057, 22, 3, 195000),
(74, 1058, 46, 1, 35000),
(75, 1058, 52, 1, 45000),
(76, 1059, 10, 1, 59000),
(77, 1060, 4, 2, 90000),
(78, 1061, 53, 4, 196000),
(79, 1062, 12, 1, 55000),
(80, 1063, 7, 1, 49000),
(81, 1064, 20, 1, 65000),
(82, 1065, 39, 2, 118000),
(83, 1066, 9, 1, 55000),
(84, 1067, 14, 5, 275000),
(85, 1068, 21, 2, 130000),
(86, 1069, 28, 1, 65000),
(87, 1070, 47, 1, 29000),
(88, 1071, 34, 2, 98000),
(89, 1072, 19, 1, 59000),
(90, 1073, 51, 1, 49000),
(91, 1074, 2, 1, 35000),
(92, 1075, 36, 2, 38000),
(93, 1076, 11, 1, 59000),
(94, 1077, 43, 1, 35000),
(95, 1078, 5, 1, 45000),
(96, 1079, 32, 3, 147000),
(97, 1080, 15, 2, 110000),
(98, 1081, 29, 1, 65000),
(99, 1082, 6, 1, 45000),
(100, 1083, 54, 1, 45000),
(101, 1084, 24, 2, 130000),
(102, 1085, 37, 1, 19000),
(103, 1086, 48, 1, 29000),
(104, 1087, 16, 1, 55000),
(105, 1088, 33, 2, 98000),
(106, 1089, 44, 1, 35000),
(107, 1090, 27, 1, 69000),
(108, 1091, 35, 1, 59000),
(109, 1092, 45, 1, 39000),
(110, 1093, 23, 2, 130000),
(111, 1094, 1, 1, 39000),
(112, 1095, 50, 1, 49000),
(113, 1096, 30, 2, 130000),
(114, 1097, 20, 3, 195000),
(115, 1098, 31, 2, 130000),
(116, 1099, 33, 1, 49000),
(117, 1100, 27, 2, 138000);

INSERT INTO Payment (payment_id, order_id, branch_id, amount, Payment_date, payment_method) VALUES
(1, 1001, 34, 117000, '2026-03-01 00:00:00', 'Points'),
(2, 1002, 2, 163000, '2026-03-01 00:00:00', 'Shopeepay'),
(3, 1003, 41, 113000, '2026-03-01 00:00:00', 'ZaloPay'),
(4, 1004, 15, 55000, '2026-03-01 00:00:00', 'Credit Card'),
(5, 1005, 29, 143000, '2026-03-01 00:00:00', 'ShopeePay'),
(6, 1006, 8, 39000, '2026-03-01 00:00:00', 'Grabpay'),
(7, 1007, 50, 70000, '2026-03-01 00:00:00', 'Momo'),
(8, 1008, 12, 104000, '2026-03-01 00:00:00', 'Tiktokpay'),
(9, 1009, 23, 45000, '2026-03-01 00:00:00', 'Credit Card'),
(10, 1010, 4, 285000, '2026-03-01 00:00:00', 'Cash'),
(11, 1011, 37, 65000, '2026-03-01 00:00:00', 'Shopeepay'),
(12, 1012, 19, 78000, '2026-03-01 00:00:00', 'ZaloPay'),
(13, 1013, 45, 55000, '2026-03-01 00:00:00', 'Cash'),
(14, 1014, 1, 156000, '2026-03-01 00:00:00', 'Loshippay'),
(15, 1015, 31, 108000, '2026-03-01 00:00:00', 'ShopeePay'),
(16, 1016, 11, 49000, '2026-03-02 00:00:00', 'Gopay'),
(17, 1017, 27, 49000, '2026-03-02 00:00:00', 'Cash'),
(18, 1018, 6, 118000, '2026-03-02 00:00:00', 'Momo'),
(19, 1019, 48, 45000, '2026-03-02 00:00:00', 'Baeminpay'),
(20, 1020, 13, 69000, '2026-03-02 00:00:00', 'Grabpay'),
(21, 1021, 35, 35000, '2026-03-02 00:00:00', 'ZaloPay'),
(22, 1022, 21, 78000, '2026-03-02 00:00:00', 'Shopeepay'),
(23, 1023, 9, 59000, '2026-03-02 00:00:00', 'Momo'),
(24, 1024, 42, 65000, '2026-03-02 00:00:00', 'VNPay'),
(25, 1025, 18, 127000, '2026-03-02 00:00:00', 'Grabpay'),
(26, 1026, 3, 78000, '2026-03-03 00:00:00', 'Cash'),
(27, 1027, 49, 59000, '2026-03-03 00:00:00', 'Credit Card'),
(28, 1028, 16, 49000, '2026-03-03 00:00:00', 'Shopeepay'),
(29, 1029, 25, 39000, '2026-03-03 00:00:00', 'Cash'),
(30, 1030, 7, 138000, '2026-03-03 00:00:00', 'ZaloPay'),
(31, 1031, 44, 29000, '2026-03-03 00:00:00', 'Bepay'),
(32, 1032, 28, 55000, '2026-03-03 00:00:00', 'Credit Card'),
(33, 1033, 14, 35000, '2026-03-03 00:00:00', 'Grabpay'),
(34, 1034, 39, 65000, '2026-03-03 00:00:00', 'Momo'),
(35, 1035, 5, 117000, '2026-03-04 00:00:00', 'ShopeePay'),
(36, 1036, 43, 19000, '2026-03-04 00:00:00', 'Shopeepay'),
(37, 1037, 24, 59000, '2026-03-04 00:00:00', 'Points'),
(38, 1038, 10, 39000, '2026-03-04 00:00:00', 'Credit Card'),
(39, 1039, 33, 65000, '2026-03-04 00:00:00', 'Grabpay'),
(40, 1040, 46, 74000, '2026-03-04 00:00:00', 'Cash'),
(41, 1041, 17, 45000, '2026-03-04 00:00:00', 'ZaloPay'),
(42, 1042, 30, 59000, '2026-03-04 00:00:00', 'Tiktokpay'),
(43, 1043, 22, 65000, '2026-03-04 00:00:00', 'VNPay'),
(44, 1044, 47, 78000, '2026-03-05 00:00:00', 'Credit Card'),
(45, 1045, 32, 59000, '2026-03-05 00:00:00', 'Shopeepay'),
(46, 1046, 40, 55000, '2026-03-05 00:00:00', 'Cash'),
(47, 1047, 26, 39000, '2026-03-05 00:00:00', 'ShopeePay'),
(48, 1048, 20, 49000, '2026-03-05 00:00:00', 'Loshippay'),
(49, 1049, 38, 65000, '2026-03-05 00:00:00', 'Cash'),
(50, 1050, 12, 80000, '2026-03-05 00:00:00', 'Momo'),
(51, 1051, 1, 133000, '2026-03-06 00:00:00', 'Momo'),
(52, 1052, 41, 84000, '2026-03-06 00:00:00', 'Shopeepay'),
(53, 1053, 5, 70000, '2026-03-06 00:00:00', 'Credit Card'),
(54, 1054, 18, 49000, '2026-03-06 00:00:00', 'ShopeePay'),
(55, 1055, 49, 197000, '2026-03-06 00:00:00', 'Baeminpay'),
(56, 1056, 3, 65000, '2026-03-06 00:00:00', 'Momo'),
(57, 1057, 36, 254000, '2026-03-06 00:00:00', 'VNPay'),
(58, 1058, 14, 80000, '2026-03-06 00:00:00', 'Grabpay'),
(59, 1059, 27, 59000, '2026-03-07 00:00:00', 'Cash'),
(60, 1060, 50, 90000, '2026-03-07 00:00:00', 'Momo'),
(61, 1061, 9, 196000, '2026-03-07 00:00:00', 'Shopeepay'),
(62, 1062, 22, 55000, '2026-03-07 00:00:00', 'Cash'),
(63, 1063, 31, 49000, '2026-03-07 00:00:00', 'Credit Card'),
(64, 1064, 44, 65000, '2026-03-07 00:00:00', 'Shopeepay'),
(65, 1065, 15, 118000, '2026-03-07 00:00:00', 'VNPay'),
(66, 1066, 26, 55000, '2026-03-07 00:00:00', 'Cash'),
(67, 1067, 38, 275000, '2026-03-07 00:00:00', 'Grabpay'),
(68, 1068, 7, 130000, '2026-03-07 00:00:00', 'Cash'),
(69, 1069, 20, 65000, '2026-03-08 00:00:00', 'Points'),
(70, 1070, 43, 29000, '2026-03-08 00:00:00', 'Bepay'),
(71, 1071, 10, 98000, '2026-03-08 00:00:00', 'Cash'),
(72, 1072, 33, 59000, '2026-03-08 00:00:00', 'Momo'),
(73, 1073, 46, 49000, '2026-03-08 00:00:00', 'Shopeepay'),
(74, 1074, 19, 35000, '2026-03-08 00:00:00', 'ShopeePay'),
(75, 1075, 2, 38000, '2026-03-08 00:00:00', 'Cash'),
(76, 1076, 25, 59000, '2026-03-08 00:00:00', 'Shopeepay'),
(77, 1077, 40, 35000, '2026-03-08 00:00:00', 'Momo'),
(78, 1078, 11, 45000, '2026-03-09 00:00:00', 'Cash'),
(79, 1079, 34, 147000, '2026-03-09 00:00:00', 'Gopay'),
(80, 1080, 47, 110000, '2026-03-09 00:00:00', 'VNPay'),
(81, 1081, 21, 65000, '2026-03-09 00:00:00', 'Credit Card'),
(82, 1082, 4, 45000, '2026-03-09 00:00:00', 'Shopeepay'),
(83, 1083, 37, 45000, '2026-03-09 00:00:00', 'Momo'),
(84, 1084, 16, 130000, '2026-03-10 00:00:00', 'ShopeePay'),
(85, 1085, 29, 19000, '2026-03-10 00:00:00', 'Grabpay'),
(86, 1086, 42, 29000, '2026-03-10 00:00:00', 'Points'),
(87, 1087, 8, 55000, '2026-03-10 00:00:00', 'Credit Card'),
(88, 1088, 45, 98000, '2026-03-10 00:00:00', 'Tiktokpay'),
(89, 1089, 13, 35000, '2026-03-10 00:00:00', 'Cash'),
(90, 1090, 32, 69000, '2026-03-11 00:00:00', 'ZaloPay'),
(91, 1091, 48, 59000, '2026-03-11 00:00:00', 'Shopeepay'),
(92, 1092, 24, 39000, '2026-03-11 00:00:00', 'VNPay'),
(93, 1093, 6, 130000, '2026-03-11 00:00:00', 'Credit Card'),
(94, 1094, 39, 39000, '2026-03-11 00:00:00', 'Grabpay'),
(95, 1095, 17, 49000, '2026-03-11 00:00:00', 'Cash'),
(96, 1096, 23, 130000, '2026-03-12 00:00:00', 'ShopeePay'),
(97, 1097, 35, 195000, '2026-03-12 00:00:00', 'Loshippay'),
(98, 1098, 46, 130000, '2026-03-12 00:00:00', 'Cash'),
(99, 1099, 28, 49000, '2026-03-12 00:00:00', 'Momo'),
(100, 1100, 1, 138000, '2026-03-12 00:00:00', 'Shopeepay');

INSERT INTO Retail_Orders (replenish_id, branch_id, order_date, status) VALUES
(1, 1, '2026-03-10 00:00:00', 'Completed'),
(2, 2, '2026-03-10 00:00:00', 'Completed'),
(3, 3, '2026-03-11 00:00:00', 'Completed'),
(4, 4, '2026-03-11 00:00:00', 'Completed'),
(5, 5, '2026-03-11 00:00:00', 'Completed'),
(6, 6, '2026-03-12 00:00:00', 'Completed'),
(7, 7, '2026-03-12 00:00:00', 'Completed'),
(8, 8, '2026-03-12 00:00:00', 'Completed'),
(9, 9, '2026-03-13 00:00:00', 'Completed'),
(10, 10, '2026-03-13 00:00:00', 'Completed'),
(11, 11, '2026-03-13 00:00:00', 'Completed'),
(12, 12, '2026-03-14 00:00:00', 'Completed'),
(13, 13, '2026-03-14 00:00:00', 'Completed'),
(14, 14, '2026-03-14 00:00:00', 'Completed'),
(15, 15, '2026-03-14 00:00:00', 'Completed'),
(16, 16, '2026-03-14 00:00:00', 'Completed'),
(17, 17, '2026-03-15 00:00:00', 'Completed'),
(18, 18, '2026-03-15 00:00:00', 'Completed'),
(19, 19, '2026-03-15 00:00:00', 'Completed'),
(20, 20, '2026-03-15 00:00:00', 'Completed'),
(21, 21, '2026-03-15 00:00:00', 'Completed'),
(22, 22, '2026-03-15 00:00:00', 'Completed'),
(23, 23, '2026-03-15 00:00:00', 'Completed'),
(24, 24, '2026-03-15 00:00:00', 'Completed'),
(25, 25, '2026-03-15 00:00:00', 'Completed'),
(26, 26, '2026-03-15 00:00:00', 'Completed'),
(27, 27, '2026-03-15 00:00:00', 'Completed'),
(28, 28, '2026-03-15 00:00:00', 'Completed'),
(29, 29, '2026-03-15 00:00:00', 'Completed'),
(30, 30, '2026-03-15 00:00:00', 'Completed'),
(31, 31, '2026-03-15 00:00:00', 'Completed'),
(32, 32, '2026-03-15 00:00:00', 'Completed'),
(33, 33, '2026-03-15 00:00:00', 'Completed'),
(34, 34, '2026-03-15 00:00:00', 'Completed'),
(35, 35, '2026-03-15 00:00:00', 'Completed'),
(36, 36, '2026-03-15 00:00:00', 'Completed'),
(37, 37, '2026-03-15 00:00:00', 'Completed'),
(38, 38, '2026-03-15 00:00:00', 'Completed'),
(39, 39, '2026-03-15 00:00:00', 'Completed'),
(40, 40, '2026-03-15 00:00:00', 'Completed'),
(41, 41, '2026-03-15 00:00:00', 'Completed'),
(42, 42, '2026-03-15 00:00:00', 'Completed'),
(43, 43, '2026-03-15 00:00:00', 'Completed'),
(44, 44, '2026-03-15 00:00:00', 'Completed'),
(45, 45, '2026-03-15 00:00:00', 'Completed'),
(46, 46, '2026-03-15 00:00:00', 'Completed'),
(47, 47, '2026-03-15 00:00:00', 'Completed'),
(48, 48, '2026-03-15 00:00:00', 'Completed'),
(49, 49, '2026-03-15 00:00:00', 'Completed'),
(50, 50, '2026-03-15 00:00:00', 'Completed'),
(51, 1, '2026-03-15 00:00:00', 'Pending'),
(52, 5, '2026-03-15 00:00:00', 'Pending'),
(53, 12, '2026-03-15 00:00:00', 'Pending'),
(54, 20, '2026-03-15 00:00:00', 'Pending'),
(55, 8, '2026-03-15 00:00:00', 'Pending'),
(56, 33, '2026-03-15 00:00:00', 'Pending'),
(57, 15, '2026-03-15 00:00:00', 'Pending'),
(58, 44, '2026-03-15 00:00:00', 'Pending'),
(59, 27, '2026-03-15 00:00:00', 'Pending'),
(60, 2, '2026-03-15 00:00:00', 'Pending');
INSERT INTO Retail_Order_Items (replenish_id, ingredients_id, quantity) VALUES
(1, 3, 120),
(2, 22, 50),
(3, 7, 20),
(4, 37, 12),
(5, 17, 30),
(6, 20, 40),
(7, 21, 100),
(8, 10, 10),
(9, 4, 200),
(10, 46, 24),
(11, 52, 500),
(12, 27, 60),
(13, 50, 10),
(14, 3, 120),
(15, 13, 15),
(16, 16, 20),
(17, 14, 100),
(18, 19, 50),
(19, 24, 40),
(20, 48, 120),
(21, 25, 30),
(22, 9, 20),
(23, 20, 100),
(24, 28, 50),
(25, 23, 20),
(26, 5, 48),
(27, 29, 15),
(28, 52, 200),
(29, 18, 40),
(30, 28, 50),
(31, 12, 20),
(32, 40, 12),
(33, 17, 30),
(34, 49, 15),
(35, 4, 150),
(36, 22, 40),
(37, 14, 100),
(38, 6, 20),
(39, 46, 12),
(40, 51, 100),
(41, 20, 50),
(42, 31, 25),
(43, 3, 240),
(44, 36, 40),
(45, 27, 35),
(46, 4, 100),
(47, 42, 10),
(48, 36, 20),
(49, 8, 25),
(50, 11, 50);

INSERT INTO Receipts (receipt_id, replenish_id, retail_partner_id, actual_quantity, received_date) VALUES
(1, 1, 27, 120, '2026-03-11 00:00:00'),
(2, 2, 8, 50, '2026-03-11 00:00:00'),
(3, 3, 45, 20, '2026-03-12 00:00:00'),
(4, 4, 12, 12, '2026-03-12 00:00:00'),
(5, 5, 33, 30, '2026-03-12 00:00:00'),
(6, 6, 2, 40, '2026-03-13 00:00:00'),
(7, 7, 50, 100, '2026-03-13 00:00:00'),
(8, 8, 19, 10, '2026-03-13 00:00:00'),
(9, 9, 41, 200, '2026-03-14 00:00:00'),
(10, 10, 5, 24, '2026-03-14 00:00:00'),
(11, 11, 38, 500, '2026-03-14 00:00:00'),
(12, 12, 22, 60, '2026-03-15 00:00:00'),
(13, 13, 1, 10, '2026-03-15 00:00:00'),
(14, 14, 49, 120, '2026-03-15 00:00:00'),
(15, 15, 31, 15, '2026-03-15 00:00:00'),
(16, 16, 14, 20, '2026-03-15 00:00:00'),
(17, 17, 7, 100, '2026-03-15 00:00:00'),
(18, 18, 43, 50, '2026-03-15 00:00:00'),
(19, 19, 25, 40, '2026-03-15 00:00:00'),
(20, 20, 10, 120, '2026-03-15 00:00:00'),
(21, 21, 36, 30, '2026-03-15 00:00:00'),
(22, 22, 3, 20, '2026-03-15 00:00:00'),
(23, 23, 47, 100, '2026-03-15 00:00:00'),
(24, 24, 15, 50, '2026-03-15 00:00:00'),
(25, 25, 28, 20, '2026-03-15 00:00:00'),
(26, 26, 4, 48, '2026-03-15 00:00:00'),
(27, 27, 40, 15, '2026-03-15 00:00:00'),
(28, 28, 13, 200, '2026-03-15 00:00:00'),
(29, 29, 34, 40, '2026-03-15 00:00:00'),
(30, 30, 9, 50, '2026-03-15 00:00:00'),
(31, 31, 21, 20, '2026-03-15 00:00:00'),
(32, 32, 46, 12, '2026-03-15 00:00:00'),
(33, 33, 11, 30, '2026-03-15 00:00:00'),
(34, 34, 39, 15, '2026-03-15 00:00:00'),
(35, 35, 24, 150, '2026-03-15 00:00:00'),
(36, 36, 6, 40, '2026-03-15 00:00:00'),
(37, 37, 32, 100, '2026-03-15 00:00:00'),
(38, 38, 17, 20, '2026-03-15 00:00:00'),
(39, 39, 44, 12, '2026-03-15 00:00:00'),
(40, 40, 20, 100, '2026-03-15 00:00:00'),
(41, 41, 37, 50, '2026-03-15 00:00:00'),
(42, 42, 16, 25, '2026-03-15 00:00:00'),
(43, 43, 48, 240, '2026-03-15 00:00:00'),
(44, 44, 26, 40, '2026-03-15 00:00:00'),
(45, 45, 5, 35, '2026-03-15 00:00:00'),
(46, 46, 12, 100, '2026-03-15 00:00:00'),
(47, 47, 41, 10, '2026-03-15 00:00:00'),
(48, 48, 27, 20, '2026-03-15 00:00:00'),
(49, 49, 2, 25, '2026-03-15 00:00:00'),
(50, 50, 50, 50, '2026-03-15 00:00:00');

INSERT INTO External_Orders (order_id, ext_partner_id, external_ref_id) VALUES
(1002,12,'SHOPEE225'),
(1006,4,'GRAB548'),
(1008,1,'TIKTOK304'),
(1011,11,'SHOPEE007'),
(1014,3,'LS257'),
(1016,7,'GO241'),
(1019,2,'BAE267'),
(1020,10,'GRAB150'),
(1022,5,'SHOPEE999'),
(1025,8,'GRAB284'),
(1028,12,'SHOPEE890'),
(1031,6,'BEE222'),
(1033,9,'GRAB309'),
(1036,12,'SHOPEE541'),
(1039,4,'GRAB206'),
(1042,1,'TIKTOK475'),
(1045,11,'SHOPEE322'),
(1048,3,'LS189'),
(1052,12,'SHOPEE440'),
(1055,2,'BAE980'),
(1058,10,'GRAB111'),
(1061,12,'SHOPEE889'),
(1064,5,'SHOPEE241'),
(1067,9,'GRAB003'),
(1070,6,'BEE761'),
(1073,12,'SHOPEE165'),
(1076,11,'SHOPEE230'),
(1079,7,'GO516'),
(1082,12,'SHOPEE555'),
(1085,4,'GRAB175'),
(1088,1,'TIKTOK145'),
(1091,12,'SHOPEE842'),
(1094,8,'GRAB713'),
(1097,3,'LS870'),
(1100,12,'SHOPEE991');

INSERT INTO Active_Orders (order_id, status,  estimated_time ) VALUES
(1001,'Completed',12),
(1002,'Completed',0),
(1003,'Completed',12),
(1004,'Completed',12),
(1005,'Completed',7),
(1006,'Completed',0),
(1007,'Completed',7),
(1008,'Completed',0),
(1009,'Completed',5),
(1010,'Completed',14),
(1011,'Completed',0),
(1012,'Completed',10),
(1013,'Completed',5),
(1014,'Completed',0),
(1015,'Completed',8),
(1016,'Completed',0),
(1017,'Completed',4),
(1018,'Completed',15),
(1019,'Completed',0),
(1020,'Completed',0),
(1021,'Completed',12),
(1022,'Completed',0),
(1023,'Completed',9),
(1024,'Completed',6),
(1025,'Completed',0),
(1026,'Completed',13),
(1027,'Completed',11),
(1028,'Completed',0),
(1029,'Completed',10),
(1030,'Completed',7),
(1031,'Completed',0),
(1032,'Completed',6),
(1033,'Completed',0),
(1034,'Completed',12),
(1035,'Completed',14),
(1036,'Completed',0),
(1037,'Completed',8),
(1038,'Completed',9),
(1039,'Completed',0),
(1040,'Completed',5),
(1041,'Completed',7),
(1042,'Completed',0),
(1043,'Completed',11),
(1044,'Completed',6),
(1045,'Completed',0),
(1046,'Completed',12),
(1047,'Completed',10),
(1048,'Completed',0),
(1049,'Completed',4),
(1050,'Completed',8),
(1051,'Completed',6),
(1052,'Completed',0),
(1053,'Completed',9),
(1054,'Completed',7),
(1055,'Completed',0),
(1056,'Completed',11),
(1057,'Completed',13),
(1058,'Completed',0),
(1059,'Completed',5),
(1060,'Completed',8),
(1061,'Completed',0),
(1062,'Completed',12),
(1063,'Completed',6),
(1064,'Completed',0),
(1065,'Completed',10),
(1066,'Completed',7),
(1067,'Completed',0),
(1068,'Completed',9),
(1069,'Completed',4),
(1070,'Completed',0),
(1071,'Completed',11),
(1072,'Completed',13),
(1073,'Completed',0),
(1074,'Completed',6),
(1075,'Completed',8),
(1076,'Completed',0),
(1077,'Completed',10),
(1078,'Completed',7),
(1079,'Completed',0),
(1080,'Completed',9),
(1081,'Completed',5),
(1082,'Completed',0),
(1083,'Completed',12),
(1084,'Completed',6),
(1085,'Completed',0),
(1086,'Completed',11),
(1087,'Completed',13),
(1088,'Completed',0),
(1089,'Completed',7),
(1090,'Completed',9),
(1091,'Completed',0),
(1092,'Completed',10),
(1093,'Completed',6),
(1094,'Completed',0),
(1095,'Completed',12),
(1096,'Completed',8),
(1097,'Completed',0),
(1098,'Completed',11),
(1099,'Completed',7),
(1100,'Completed',0);
drop table Active_Orders;
